crev_maps,temp_maps,temp_model,viscosity,strain_experiments,correlation,error
all,Annual,RACMO,0,Exp0,Gaussian,0.047756
all,Annual,RACMO,0,Exp1,Gaussian,0.029439
all,Annual,RACMO,0,Exp2,Gaussian,0.059157
all,Annual,RACMO,0,Exp3,Gaussian,0.045707
all,Annual,RACMO,0,Exp4,Gaussian,0.058720
all,Annual,RACMO,0,Exp5,Gaussian,0.077357
all,Annual,RACMO,0,Exp6,Gaussian,0.053877
all,Annual,RACMO,0,Exp7,Gaussian,0.047977
all,Annual,RACMO,0,Exp8,Gaussian,0.052718
all,Annual,RACMO,0,Exp9,Gaussian,0.044353
all,Annual,RACMO,0,Exp0,Exponential,0.059532
all,Annual,RACMO,0,Exp1,Exponential,0.054067
all,Annual,RACMO,0,Exp2,Exponential,0.061811
all,Annual,RACMO,0,Exp3,Exponential,0.034746
all,Annual,RACMO,0,Exp4,Exponential,0.049375
all,Annual,RACMO,0,Exp5,Exponential,0.042607
all,Annual,RACMO,0,Exp6,Exponential,0.044707
all,Annual,RACMO,0,Exp7,Exponential,0.040237
all,Annual,RACMO,0,Exp8,Exponential,0.049135
all,Annual,RACMO,0,Exp9,Exponential,0.057560
all,Annual,RACMO,1,Exp0,Gaussian,0.064482
all,Annual,RACMO,1,Exp1,Gaussian,0.047927
all,Annual,RACMO,1,Exp2,Gaussian,0.045126
all,Annual,RACMO,1,Exp3,Gaussian,0.041111
all,Annual,RACMO,1,Exp4,Gaussian,0.050159
all,Annual,RACMO,1,Exp5,Gaussian,0.048230
all,Annual,RACMO,1,Exp6,Gaussian,0.068711
all,Annual,RACMO,1,Exp7,Gaussian,0.061835
all,Annual,RACMO,1,Exp8,Gaussian,0.054934
all,Annual,RACMO,1,Exp9,Gaussian,0.037212
all,Annual,RACMO,1,Exp0,Exponential,0.073801
all,Annual,RACMO,1,Exp1,Exponential,0.048057
all,Annual,RACMO,1,Exp2,Exponential,0.061090
all,Annual,RACMO,1,Exp3,Exponential,0.034916
all,Annual,RACMO,1,Exp4,Exponential,0.041007
all,Annual,RACMO,1,Exp5,Exponential,0.051853
all,Annual,RACMO,1,Exp6,Exponential,0.047054
all,Annual,RACMO,1,Exp7,Exponential,0.058201
all,Annual,RACMO,1,Exp8,Exponential,0.043007
all,Annual,RACMO,1,Exp9,Exponential,0.054353
all,Annual,MAR,0,Exp0,Gaussian,0.046732
all,Annual,MAR,0,Exp1,Gaussian,0.040849
all,Annual,MAR,0,Exp2,Gaussian,0.065865
all,Annual,MAR,0,Exp3,Gaussian,0.048287
all,Annual,MAR,0,Exp4,Gaussian,0.045924
all,Annual,MAR,0,Exp5,Gaussian,0.067359
all,Annual,MAR,0,Exp6,Gaussian,0.042620
all,Annual,MAR,0,Exp7,Gaussian,0.057428
all,Annual,MAR,0,Exp8,Gaussian,0.046973
all,Annual,MAR,0,Exp9,Gaussian,0.046753
all,Annual,MAR,0,Exp0,Exponential,0.069435
all,Annual,MAR,0,Exp1,Exponential,0.055330
all,Annual,MAR,0,Exp2,Exponential,0.053676
all,Annual,MAR,0,Exp3,Exponential,0.031529
all,Annual,MAR,0,Exp4,Exponential,0.039080
all,Annual,MAR,0,Exp5,Exponential,0.061588
all,Annual,MAR,0,Exp6,Exponential,0.060023
all,Annual,MAR,0,Exp7,Exponential,0.048074
all,Annual,MAR,0,Exp8,Exponential,0.056403
all,Annual,MAR,0,Exp9,Exponential,0.060101
all,Annual,MAR,1,Exp0,Gaussian,0.062017
all,Annual,MAR,1,Exp1,Gaussian,0.044063
all,Annual,MAR,1,Exp2,Gaussian,0.051644
all,Annual,MAR,1,Exp3,Gaussian,0.049060
all,Annual,MAR,1,Exp4,Gaussian,0.054642
all,Annual,MAR,1,Exp5,Gaussian,0.069906
all,Annual,MAR,1,Exp6,Gaussian,0.053500
all,Annual,MAR,1,Exp7,Gaussian,0.067492
all,Annual,MAR,1,Exp8,Gaussian,0.049394
all,Annual,MAR,1,Exp9,Gaussian,0.032070
all,Annual,MAR,1,Exp0,Exponential,0.073447
all,Annual,MAR,1,Exp1,Exponential,0.057332
all,Annual,MAR,1,Exp2,Exponential,0.063327
all,Annual,MAR,1,Exp3,Exponential,0.064048
all,Annual,MAR,1,Exp4,Exponential,0.046347
all,Annual,MAR,1,Exp5,Exponential,0.047525
all,Annual,MAR,1,Exp6,Exponential,0.038680
all,Annual,MAR,1,Exp7,Exponential,0.060063
all,Annual,MAR,1,Exp8,Exponential,0.072846
all,Annual,MAR,1,Exp9,Exponential,0.075610
all,Annual,CARRA,0,Exp0,Gaussian,0.043155
all,Annual,CARRA,0,Exp1,Gaussian,0.050758
all,Annual,CARRA,0,Exp2,Gaussian,0.046245
all,Annual,CARRA,0,Exp3,Gaussian,0.034297
all,Annual,CARRA,0,Exp4,Gaussian,0.047553
all,Annual,CARRA,0,Exp5,Gaussian,0.066839
all,Annual,CARRA,0,Exp6,Gaussian,0.061453
all,Annual,CARRA,0,Exp7,Gaussian,0.068574
all,Annual,CARRA,0,Exp8,Gaussian,0.066310
all,Annual,CARRA,0,Exp9,Gaussian,0.042265
all,Annual,CARRA,0,Exp0,Exponential,0.061466
all,Annual,CARRA,0,Exp1,Exponential,0.040627
all,Annual,CARRA,0,Exp2,Exponential,0.049825
all,Annual,CARRA,0,Exp3,Exponential,0.044473
all,Annual,CARRA,0,Exp4,Exponential,0.073950
all,Annual,CARRA,0,Exp5,Exponential,0.070193
all,Annual,CARRA,0,Exp6,Exponential,0.059971
all,Annual,CARRA,0,Exp7,Exponential,0.041388
all,Annual,CARRA,0,Exp8,Exponential,0.035667
all,Annual,CARRA,0,Exp9,Exponential,0.055529
all,Annual,CARRA,1,Exp0,Gaussian,0.055974
all,Annual,CARRA,1,Exp1,Gaussian,0.055360
all,Annual,CARRA,1,Exp2,Gaussian,0.074321
all,Annual,CARRA,1,Exp3,Gaussian,0.047058
all,Annual,CARRA,1,Exp4,Gaussian,0.055512
all,Annual,CARRA,1,Exp5,Gaussian,0.065043
all,Annual,CARRA,1,Exp6,Gaussian,0.059775
all,Annual,CARRA,1,Exp7,Gaussian,0.061050
all,Annual,CARRA,1,Exp8,Gaussian,0.080073
all,Annual,CARRA,1,Exp9,Gaussian,0.077134
all,Annual,CARRA,1,Exp0,Exponential,0.077065
all,Annual,CARRA,1,Exp1,Exponential,0.052701
all,Annual,CARRA,1,Exp2,Exponential,0.053207
all,Annual,CARRA,1,Exp3,Exponential,0.061837
all,Annual,CARRA,1,Exp4,Exponential,0.059020
all,Annual,CARRA,1,Exp5,Exponential,0.062676
all,Annual,CARRA,1,Exp6,Exponential,0.052625
all,Annual,CARRA,1,Exp7,Exponential,0.037913
all,Annual,CARRA,1,Exp8,Exponential,0.050470
all,Annual,CARRA,1,Exp9,Exponential,0.054876
all,DJF,RACMO,0,Exp0,Gaussian,0.036785
all,DJF,RACMO,0,Exp1,Gaussian,0.041640
all,DJF,RACMO,0,Exp2,Gaussian,0.047053
all,DJF,RACMO,0,Exp3,Gaussian,0.032315
all,DJF,RACMO,0,Exp4,Gaussian,0.038471
all,DJF,RACMO,0,Exp5,Gaussian,0.053916
all,DJF,RACMO,0,Exp6,Gaussian,0.042065
all,DJF,RACMO,0,Exp7,Gaussian,0.045678
all,DJF,RACMO,0,Exp8,Gaussian,0.047096
all,DJF,RACMO,0,Exp9,Gaussian,0.040304
all,DJF,RACMO,0,Exp0,Exponential,0.051970
all,DJF,RACMO,0,Exp1,Exponential,0.028044
all,DJF,RACMO,0,Exp2,Exponential,0.042948
all,DJF,RACMO,0,Exp3,Exponential,0.030234
all,DJF,RACMO,0,Exp4,Exponential,0.031814
all,DJF,RACMO,0,Exp5,Exponential,0.058504
all,DJF,RACMO,0,Exp6,Exponential,0.036333
all,DJF,RACMO,0,Exp7,Exponential,0.033255
all,DJF,RACMO,0,Exp8,Exponential,0.063210
all,DJF,RACMO,0,Exp9,Exponential,0.029734
all,DJF,RACMO,1,Exp0,Gaussian,0.051801
all,DJF,RACMO,1,Exp1,Gaussian,0.047739
all,DJF,RACMO,1,Exp2,Gaussian,0.058443
all,DJF,RACMO,1,Exp3,Gaussian,0.045523
all,DJF,RACMO,1,Exp4,Gaussian,0.036829
all,DJF,RACMO,1,Exp5,Gaussian,0.052180
all,DJF,RACMO,1,Exp6,Gaussian,0.039597
all,DJF,RACMO,1,Exp7,Gaussian,0.062520
all,DJF,RACMO,1,Exp8,Gaussian,0.040419
all,DJF,RACMO,1,Exp9,Gaussian,0.040957
all,DJF,RACMO,1,Exp0,Exponential,0.055655
all,DJF,RACMO,1,Exp1,Exponential,0.041295
all,DJF,RACMO,1,Exp2,Exponential,0.055941
all,DJF,RACMO,1,Exp3,Exponential,0.033537
all,DJF,RACMO,1,Exp4,Exponential,0.032464
all,DJF,RACMO,1,Exp5,Exponential,0.049654
all,DJF,RACMO,1,Exp6,Exponential,0.034301
all,DJF,RACMO,1,Exp7,Exponential,0.036380
all,DJF,RACMO,1,Exp8,Exponential,0.047174
all,DJF,RACMO,1,Exp9,Exponential,0.046715
all,DJF,MAR,0,Exp0,Gaussian,0.042396
all,DJF,MAR,0,Exp1,Gaussian,0.042319
all,DJF,MAR,0,Exp2,Gaussian,0.060645
all,DJF,MAR,0,Exp3,Gaussian,0.046642
all,DJF,MAR,0,Exp4,Gaussian,0.051372
all,DJF,MAR,0,Exp5,Gaussian,0.060974
all,DJF,MAR,0,Exp6,Gaussian,0.037350
all,DJF,MAR,0,Exp7,Gaussian,0.068253
all,DJF,MAR,0,Exp8,Gaussian,0.049962
all,DJF,MAR,0,Exp9,Gaussian,0.053295
all,DJF,MAR,0,Exp0,Exponential,0.059994
all,DJF,MAR,0,Exp1,Exponential,0.036433
all,DJF,MAR,0,Exp2,Exponential,0.054822
all,DJF,MAR,0,Exp3,Exponential,0.028915
all,DJF,MAR,0,Exp4,Exponential,0.046341
all,DJF,MAR,0,Exp5,Exponential,0.064275
all,DJF,MAR,0,Exp6,Exponential,0.048274
all,DJF,MAR,0,Exp7,Exponential,0.037722
all,DJF,MAR,0,Exp8,Exponential,0.052918
all,DJF,MAR,0,Exp9,Exponential,0.053540
all,DJF,MAR,1,Exp0,Gaussian,0.056197
all,DJF,MAR,1,Exp1,Gaussian,0.072748
all,DJF,MAR,1,Exp2,Gaussian,0.061295
all,DJF,MAR,1,Exp3,Gaussian,0.054726
all,DJF,MAR,1,Exp4,Gaussian,0.045882
all,DJF,MAR,1,Exp5,Gaussian,0.059700
all,DJF,MAR,1,Exp6,Gaussian,0.070753
all,DJF,MAR,1,Exp7,Gaussian,0.069705
all,DJF,MAR,1,Exp8,Gaussian,0.066038
all,DJF,MAR,1,Exp9,Gaussian,0.059288
all,DJF,MAR,1,Exp0,Exponential,0.064571
all,DJF,MAR,1,Exp1,Exponential,0.044522
all,DJF,MAR,1,Exp2,Exponential,0.071371
all,DJF,MAR,1,Exp3,Exponential,0.051043
all,DJF,MAR,1,Exp4,Exponential,0.045536
all,DJF,MAR,1,Exp5,Exponential,0.071731
all,DJF,MAR,1,Exp6,Exponential,0.058795
all,DJF,MAR,1,Exp7,Exponential,0.052381
all,DJF,MAR,1,Exp8,Exponential,0.051170
all,DJF,MAR,1,Exp9,Exponential,0.059015
all,DJF,CARRA,0,Exp0,Gaussian,0.050733
all,DJF,CARRA,0,Exp1,Gaussian,0.045359
all,DJF,CARRA,0,Exp2,Gaussian,0.050371
all,DJF,CARRA,0,Exp3,Gaussian,0.051186
all,DJF,CARRA,0,Exp4,Gaussian,0.047333
all,DJF,CARRA,0,Exp5,Gaussian,0.070897
all,DJF,CARRA,0,Exp6,Gaussian,0.056609
all,DJF,CARRA,0,Exp7,Gaussian,0.065115
all,DJF,CARRA,0,Exp8,Gaussian,0.066830
all,DJF,CARRA,0,Exp9,Gaussian,0.066774
all,DJF,CARRA,0,Exp0,Exponential,0.061077
all,DJF,CARRA,0,Exp1,Exponential,0.034912
all,DJF,CARRA,0,Exp2,Exponential,0.045218
all,DJF,CARRA,0,Exp3,Exponential,0.036216
all,DJF,CARRA,0,Exp4,Exponential,0.043611
all,DJF,CARRA,0,Exp5,Exponential,0.069536
all,DJF,CARRA,0,Exp6,Exponential,0.057747
all,DJF,CARRA,0,Exp7,Exponential,0.037750
all,DJF,CARRA,0,Exp8,Exponential,0.043537
all,DJF,CARRA,0,Exp9,Exponential,0.044198
all,DJF,CARRA,1,Exp0,Gaussian,0.065685
all,DJF,CARRA,1,Exp1,Gaussian,0.042674
all,DJF,CARRA,1,Exp2,Gaussian,0.082370
all,DJF,CARRA,1,Exp3,Gaussian,0.052615
all,DJF,CARRA,1,Exp4,Gaussian,0.050431
all,DJF,CARRA,1,Exp5,Gaussian,0.067021
all,DJF,CARRA,1,Exp6,Gaussian,0.072635
all,DJF,CARRA,1,Exp7,Gaussian,0.052434
all,DJF,CARRA,1,Exp8,Gaussian,0.066520
all,DJF,CARRA,1,Exp9,Gaussian,0.049819
all,DJF,CARRA,1,Exp0,Exponential,0.061906
all,DJF,CARRA,1,Exp1,Exponential,0.048872
all,DJF,CARRA,1,Exp2,Exponential,0.065651
all,DJF,CARRA,1,Exp3,Exponential,0.049535
all,DJF,CARRA,1,Exp4,Exponential,0.049715
all,DJF,CARRA,1,Exp5,Exponential,0.076299
all,DJF,CARRA,1,Exp6,Exponential,0.066916
all,DJF,CARRA,1,Exp7,Exponential,0.047257
all,DJF,CARRA,1,Exp8,Exponential,0.029449
all,DJF,CARRA,1,Exp9,Exponential,0.031541
all,JJA,RACMO,0,Exp0,Gaussian,0.043028
all,JJA,RACMO,0,Exp1,Gaussian,0.052569
all,JJA,RACMO,0,Exp2,Gaussian,0.066292
all,JJA,RACMO,0,Exp3,Gaussian,0.047144
all,JJA,RACMO,0,Exp4,Gaussian,0.041291
all,JJA,RACMO,0,Exp5,Gaussian,0.061978
all,JJA,RACMO,0,Exp6,Gaussian,0.064152
all,JJA,RACMO,0,Exp7,Gaussian,0.061138
all,JJA,RACMO,0,Exp8,Gaussian,0.049293
all,JJA,RACMO,0,Exp9,Gaussian,0.047804
all,JJA,RACMO,0,Exp0,Exponential,0.063449
all,JJA,RACMO,0,Exp1,Exponential,0.033765
all,JJA,RACMO,0,Exp2,Exponential,0.040824
all,JJA,RACMO,0,Exp3,Exponential,0.039400
all,JJA,RACMO,0,Exp4,Exponential,0.038803
all,JJA,RACMO,0,Exp5,Exponential,0.056780
all,JJA,RACMO,0,Exp6,Exponential,0.049444
all,JJA,RACMO,0,Exp7,Exponential,0.026384
all,JJA,RACMO,0,Exp8,Exponential,0.039600
all,JJA,RACMO,0,Exp9,Exponential,0.055866
all,JJA,RACMO,1,Exp0,Gaussian,0.040563
all,JJA,RACMO,1,Exp1,Gaussian,0.050073
all,JJA,RACMO,1,Exp2,Gaussian,0.035177
all,JJA,RACMO,1,Exp3,Gaussian,0.036809
all,JJA,RACMO,1,Exp4,Gaussian,0.032210
all,JJA,RACMO,1,Exp5,Gaussian,0.052004
all,JJA,RACMO,1,Exp6,Gaussian,0.059751
all,JJA,RACMO,1,Exp7,Gaussian,0.057736
all,JJA,RACMO,1,Exp8,Gaussian,0.043971
all,JJA,RACMO,1,Exp9,Gaussian,0.045759
all,JJA,RACMO,1,Exp0,Exponential,0.043669
all,JJA,RACMO,1,Exp1,Exponential,0.033439
all,JJA,RACMO,1,Exp2,Exponential,0.028188
all,JJA,RACMO,1,Exp3,Exponential,0.026644
all,JJA,RACMO,1,Exp4,Exponential,0.040583
all,JJA,RACMO,1,Exp5,Exponential,0.054688
all,JJA,RACMO,1,Exp6,Exponential,0.052915
all,JJA,RACMO,1,Exp7,Exponential,0.041954
all,JJA,RACMO,1,Exp8,Exponential,0.038688
all,JJA,RACMO,1,Exp9,Exponential,0.048484
all,JJA,MAR,0,Exp0,Gaussian,0.048995
all,JJA,MAR,0,Exp1,Gaussian,0.053033
all,JJA,MAR,0,Exp2,Gaussian,0.059969
all,JJA,MAR,0,Exp3,Gaussian,0.053441
all,JJA,MAR,0,Exp4,Gaussian,0.053814
all,JJA,MAR,0,Exp5,Gaussian,0.060238
all,JJA,MAR,0,Exp6,Gaussian,0.060306
all,JJA,MAR,0,Exp7,Gaussian,0.039843
all,JJA,MAR,0,Exp8,Gaussian,0.066477
all,JJA,MAR,0,Exp9,Gaussian,0.043618
all,JJA,MAR,0,Exp0,Exponential,0.076945
all,JJA,MAR,0,Exp1,Exponential,0.044101
all,JJA,MAR,0,Exp2,Exponential,0.057501
all,JJA,MAR,0,Exp3,Exponential,0.049003
all,JJA,MAR,0,Exp4,Exponential,0.050897
all,JJA,MAR,0,Exp5,Exponential,0.048623
all,JJA,MAR,0,Exp6,Exponential,0.051696
all,JJA,MAR,0,Exp7,Exponential,0.055991
all,JJA,MAR,0,Exp8,Exponential,0.042715
all,JJA,MAR,0,Exp9,Exponential,0.044538
all,JJA,MAR,1,Exp0,Gaussian,0.054178
all,JJA,MAR,1,Exp1,Gaussian,0.043744
all,JJA,MAR,1,Exp2,Gaussian,0.062294
all,JJA,MAR,1,Exp3,Gaussian,0.064341
all,JJA,MAR,1,Exp4,Gaussian,0.055546
all,JJA,MAR,1,Exp5,Gaussian,0.061508
all,JJA,MAR,1,Exp6,Gaussian,0.055604
all,JJA,MAR,1,Exp7,Gaussian,0.047622
all,JJA,MAR,1,Exp8,Gaussian,0.058044
all,JJA,MAR,1,Exp9,Gaussian,0.060077
all,JJA,MAR,1,Exp0,Exponential,0.070957
all,JJA,MAR,1,Exp1,Exponential,0.046759
all,JJA,MAR,1,Exp2,Exponential,0.061437
all,JJA,MAR,1,Exp3,Exponential,0.056063
all,JJA,MAR,1,Exp4,Exponential,0.056159
all,JJA,MAR,1,Exp5,Exponential,0.042484
all,JJA,MAR,1,Exp6,Exponential,0.045912
all,JJA,MAR,1,Exp7,Exponential,0.036750
all,JJA,MAR,1,Exp8,Exponential,0.062985
all,JJA,MAR,1,Exp9,Exponential,0.053428
all,JJA,CARRA,0,Exp0,Gaussian,0.056304
all,JJA,CARRA,0,Exp1,Gaussian,0.056293
all,JJA,CARRA,0,Exp2,Gaussian,0.060023
all,JJA,CARRA,0,Exp3,Gaussian,0.070195
all,JJA,CARRA,0,Exp4,Gaussian,0.064331
all,JJA,CARRA,0,Exp5,Gaussian,0.063491
all,JJA,CARRA,0,Exp6,Gaussian,0.039426
all,JJA,CARRA,0,Exp7,Gaussian,0.054073
all,JJA,CARRA,0,Exp8,Gaussian,0.060679
all,JJA,CARRA,0,Exp9,Gaussian,0.060911
all,JJA,CARRA,0,Exp0,Exponential,0.049816
all,JJA,CARRA,0,Exp1,Exponential,0.042673
all,JJA,CARRA,0,Exp2,Exponential,0.067536
all,JJA,CARRA,0,Exp3,Exponential,0.046610
all,JJA,CARRA,0,Exp4,Exponential,0.061518
all,JJA,CARRA,0,Exp5,Exponential,0.046998
all,JJA,CARRA,0,Exp6,Exponential,0.046811
all,JJA,CARRA,0,Exp7,Exponential,0.058906
all,JJA,CARRA,0,Exp8,Exponential,0.054103
all,JJA,CARRA,0,Exp9,Exponential,0.071010
all,JJA,CARRA,1,Exp0,Gaussian,0.060031
all,JJA,CARRA,1,Exp1,Gaussian,0.056557
all,JJA,CARRA,1,Exp2,Gaussian,0.051828
all,JJA,CARRA,1,Exp3,Gaussian,0.062784
all,JJA,CARRA,1,Exp4,Gaussian,0.045490
all,JJA,CARRA,1,Exp5,Gaussian,0.054743
all,JJA,CARRA,1,Exp6,Gaussian,0.039517
all,JJA,CARRA,1,Exp7,Gaussian,0.052192
all,JJA,CARRA,1,Exp8,Gaussian,0.062897
all,JJA,CARRA,1,Exp9,Gaussian,0.057958
all,JJA,CARRA,1,Exp0,Exponential,0.075556
all,JJA,CARRA,1,Exp1,Exponential,0.039835
all,JJA,CARRA,1,Exp2,Exponential,0.060290
all,JJA,CARRA,1,Exp3,Exponential,0.055243
all,JJA,CARRA,1,Exp4,Exponential,0.056816
all,JJA,CARRA,1,Exp5,Exponential,0.058155
all,JJA,CARRA,1,Exp6,Exponential,0.040796
all,JJA,CARRA,1,Exp7,Exponential,0.057583
all,JJA,CARRA,1,Exp8,Exponential,0.059206
all,JJA,CARRA,1,Exp9,Exponential,0.057956
Riley,all,RACMO,0,Exp0,Gaussian,0.061736
Riley,all,RACMO,0,Exp1,Gaussian,0.061844
Riley,all,RACMO,0,Exp2,Gaussian,0.061034
Riley,all,RACMO,0,Exp3,Gaussian,0.059367
Riley,all,RACMO,0,Exp4,Gaussian,0.059527
Riley,all,RACMO,0,Exp5,Gaussian,0.059974
Riley,all,RACMO,0,Exp6,Gaussian,0.062160
Riley,all,RACMO,0,Exp7,Gaussian,0.060178
Riley,all,RACMO,0,Exp8,Gaussian,0.061374
Riley,all,RACMO,0,Exp9,Gaussian,0.060788
Riley,all,RACMO,0,Exp0,Exponential,0.060685
Riley,all,RACMO,0,Exp1,Exponential,0.061499
Riley,all,RACMO,0,Exp2,Exponential,0.061615
Riley,all,RACMO,0,Exp3,Exponential,0.059337
Riley,all,RACMO,0,Exp4,Exponential,0.061850
Riley,all,RACMO,0,Exp5,Exponential,0.063602
Riley,all,RACMO,0,Exp6,Exponential,0.059924
Riley,all,RACMO,0,Exp7,Exponential,0.060131
Riley,all,RACMO,0,Exp8,Exponential,0.063287
Riley,all,RACMO,0,Exp9,Exponential,0.060302
Riley,all,RACMO,1,Exp0,Gaussian,0.094231
Riley,all,RACMO,1,Exp1,Gaussian,0.091829
Riley,all,RACMO,1,Exp2,Gaussian,0.093903
Riley,all,RACMO,1,Exp3,Gaussian,0.092157
Riley,all,RACMO,1,Exp4,Gaussian,0.091324
Riley,all,RACMO,1,Exp5,Gaussian,0.091462
Riley,all,RACMO,1,Exp6,Gaussian,0.092066
Riley,all,RACMO,1,Exp7,Gaussian,0.092204
Riley,all,RACMO,1,Exp8,Gaussian,0.091980
Riley,all,RACMO,1,Exp9,Gaussian,0.093375
Riley,all,RACMO,1,Exp0,Exponential,0.091246
Riley,all,RACMO,1,Exp1,Exponential,0.090219
Riley,all,RACMO,1,Exp2,Exponential,0.093860
Riley,all,RACMO,1,Exp3,Exponential,0.091560
Riley,all,RACMO,1,Exp4,Exponential,0.091985
Riley,all,RACMO,1,Exp5,Exponential,0.093342
Riley,all,RACMO,1,Exp6,Exponential,0.092110
Riley,all,RACMO,1,Exp7,Exponential,0.091832
Riley,all,RACMO,1,Exp8,Exponential,0.091780
Riley,all,RACMO,1,Exp9,Exponential,0.091823
Riley,all,MAR,0,Exp0,Gaussian,0.086641
Riley,all,MAR,0,Exp1,Gaussian,0.083906
Riley,all,MAR,0,Exp2,Gaussian,0.085957
Riley,all,MAR,0,Exp3,Gaussian,0.083323
Riley,all,MAR,0,Exp4,Gaussian,0.083940
Riley,all,MAR,0,Exp5,Gaussian,0.084484
Riley,all,MAR,0,Exp6,Gaussian,0.084307
Riley,all,MAR,0,Exp7,Gaussian,0.084617
Riley,all,MAR,0,Exp8,Gaussian,0.086505
Riley,all,MAR,0,Exp9,Gaussian,0.084076
Riley,all,MAR,0,Exp0,Exponential,0.085114
Riley,all,MAR,0,Exp1,Exponential,0.084285
Riley,all,MAR,0,Exp2,Exponential,0.084541
Riley,all,MAR,0,Exp3,Exponential,0.084392
Riley,all,MAR,0,Exp4,Exponential,0.085324
Riley,all,MAR,0,Exp5,Exponential,0.086045
Riley,all,MAR,0,Exp6,Exponential,0.085750
Riley,all,MAR,0,Exp7,Exponential,0.084520
Riley,all,MAR,0,Exp8,Exponential,0.083042
Riley,all,MAR,0,Exp9,Exponential,0.083420
Riley,all,MAR,1,Exp0,Gaussian,0.112763
Riley,all,MAR,1,Exp1,Gaussian,0.112408
Riley,all,MAR,1,Exp2,Gaussian,0.116232
Riley,all,MAR,1,Exp3,Gaussian,0.114987
Riley,all,MAR,1,Exp4,Gaussian,0.111508
Riley,all,MAR,1,Exp5,Gaussian,0.113872
Riley,all,MAR,1,Exp6,Gaussian,0.112651
Riley,all,MAR,1,Exp7,Gaussian,0.112216
Riley,all,MAR,1,Exp8,Gaussian,0.117549
Riley,all,MAR,1,Exp9,Gaussian,0.113954
Riley,all,MAR,1,Exp0,Exponential,0.113985
Riley,all,MAR,1,Exp1,Exponential,0.111549
Riley,all,MAR,1,Exp2,Exponential,0.114710
Riley,all,MAR,1,Exp3,Exponential,0.113809
Riley,all,MAR,1,Exp4,Exponential,0.112778
Riley,all,MAR,1,Exp5,Exponential,0.113995
Riley,all,MAR,1,Exp6,Exponential,0.115442
Riley,all,MAR,1,Exp7,Exponential,0.111914
Riley,all,MAR,1,Exp8,Exponential,0.109887
Riley,all,MAR,1,Exp9,Exponential,0.110506
Riley,all,CARRA,0,Exp0,Gaussian,0.093927
Riley,all,CARRA,0,Exp1,Gaussian,0.094723
Riley,all,CARRA,0,Exp2,Gaussian,0.097043
Riley,all,CARRA,0,Exp3,Gaussian,0.092167
Riley,all,CARRA,0,Exp4,Gaussian,0.094632
Riley,all,CARRA,0,Exp5,Gaussian,0.095328
Riley,all,CARRA,0,Exp6,Gaussian,0.096325
Riley,all,CARRA,0,Exp7,Gaussian,0.096062
Riley,all,CARRA,0,Exp8,Gaussian,0.095272
Riley,all,CARRA,0,Exp9,Gaussian,0.094354
Riley,all,CARRA,0,Exp0,Exponential,0.094525
Riley,all,CARRA,0,Exp1,Exponential,0.093437
Riley,all,CARRA,0,Exp2,Exponential,0.095489
Riley,all,CARRA,0,Exp3,Exponential,0.095853
Riley,all,CARRA,0,Exp4,Exponential,0.095126
Riley,all,CARRA,0,Exp5,Exponential,0.096846
Riley,all,CARRA,0,Exp6,Exponential,0.093824
Riley,all,CARRA,0,Exp7,Exponential,0.094484
Riley,all,CARRA,0,Exp8,Exponential,0.093270
Riley,all,CARRA,0,Exp9,Exponential,0.095044
Riley,all,CARRA,1,Exp0,Gaussian,0.149011
Riley,all,CARRA,1,Exp1,Gaussian,0.149062
Riley,all,CARRA,1,Exp2,Gaussian,0.154637
Riley,all,CARRA,1,Exp3,Gaussian,0.145882
Riley,all,CARRA,1,Exp4,Gaussian,0.153429
Riley,all,CARRA,1,Exp5,Gaussian,0.149962
Riley,all,CARRA,1,Exp6,Gaussian,0.149139
Riley,all,CARRA,1,Exp7,Gaussian,0.150281
Riley,all,CARRA,1,Exp8,Gaussian,0.150780
Riley,all,CARRA,1,Exp9,Gaussian,0.149953
Riley,all,CARRA,1,Exp0,Exponential,0.147867
Riley,all,CARRA,1,Exp1,Exponential,0.148604
Riley,all,CARRA,1,Exp2,Exponential,0.151091
Riley,all,CARRA,1,Exp3,Exponential,0.149329
Riley,all,CARRA,1,Exp4,Exponential,0.150206
Riley,all,CARRA,1,Exp5,Exponential,0.150196
Riley,all,CARRA,1,Exp6,Exponential,0.149710
Riley,all,CARRA,1,Exp7,Exponential,0.148656
Riley,all,CARRA,1,Exp8,Exponential,0.147405
Riley,all,CARRA,1,Exp9,Exponential,0.148585
IE,all,RACMO,0,Exp0,Gaussian,0.059424
IE,all,RACMO,0,Exp1,Gaussian,0.059590
IE,all,RACMO,0,Exp2,Gaussian,0.060519
IE,all,RACMO,0,Exp3,Gaussian,0.058599
IE,all,RACMO,0,Exp4,Gaussian,0.059951
IE,all,RACMO,0,Exp5,Gaussian,0.059384
IE,all,RACMO,0,Exp6,Gaussian,0.062615
IE,all,RACMO,0,Exp7,Gaussian,0.057503
IE,all,RACMO,0,Exp8,Gaussian,0.057372
IE,all,RACMO,0,Exp9,Gaussian,0.059493
IE,all,RACMO,0,Exp0,Exponential,0.056569
IE,all,RACMO,0,Exp1,Exponential,0.057127
IE,all,RACMO,0,Exp2,Exponential,0.058238
IE,all,RACMO,0,Exp3,Exponential,0.056651
IE,all,RACMO,0,Exp4,Exponential,0.058128
IE,all,RACMO,0,Exp5,Exponential,0.057355
IE,all,RACMO,0,Exp6,Exponential,0.058924
IE,all,RACMO,0,Exp7,Exponential,0.057668
IE,all,RACMO,0,Exp8,Exponential,0.057154
IE,all,RACMO,0,Exp9,Exponential,0.063303
IE,all,RACMO,1,Exp0,Gaussian,0.089091
IE,all,RACMO,1,Exp1,Gaussian,0.086718
IE,all,RACMO,1,Exp2,Gaussian,0.087736
IE,all,RACMO,1,Exp3,Gaussian,0.087431
IE,all,RACMO,1,Exp4,Gaussian,0.089934
IE,all,RACMO,1,Exp5,Gaussian,0.086355
IE,all,RACMO,1,Exp6,Gaussian,0.095173
IE,all,RACMO,1,Exp7,Gaussian,0.086153
IE,all,RACMO,1,Exp8,Gaussian,0.088279
IE,all,RACMO,1,Exp9,Gaussian,0.089320
IE,all,RACMO,1,Exp0,Exponential,0.087117
IE,all,RACMO,1,Exp1,Exponential,0.085795
IE,all,RACMO,1,Exp2,Exponential,0.088867
IE,all,RACMO,1,Exp3,Exponential,0.088210
IE,all,RACMO,1,Exp4,Exponential,0.089532
IE,all,RACMO,1,Exp5,Exponential,0.088994
IE,all,RACMO,1,Exp6,Exponential,0.090338
IE,all,RACMO,1,Exp7,Exponential,0.090576
IE,all,RACMO,1,Exp8,Exponential,0.086942
IE,all,RACMO,1,Exp9,Exponential,0.086453
IE,all,MAR,0,Exp0,Gaussian,0.085781
IE,all,MAR,0,Exp1,Gaussian,0.082125
IE,all,MAR,0,Exp2,Gaussian,0.085063
IE,all,MAR,0,Exp3,Gaussian,0.083164
IE,all,MAR,0,Exp4,Gaussian,0.083035
IE,all,MAR,0,Exp5,Gaussian,0.084324
IE,all,MAR,0,Exp6,Gaussian,0.082112
IE,all,MAR,0,Exp7,Gaussian,0.083608
IE,all,MAR,0,Exp8,Gaussian,0.082366
IE,all,MAR,0,Exp9,Gaussian,0.082923
IE,all,MAR,0,Exp0,Exponential,0.084001
IE,all,MAR,0,Exp1,Exponential,0.083849
IE,all,MAR,0,Exp2,Exponential,0.082928
IE,all,MAR,0,Exp3,Exponential,0.081632
IE,all,MAR,0,Exp4,Exponential,0.083067
IE,all,MAR,0,Exp5,Exponential,0.084680
IE,all,MAR,0,Exp6,Exponential,0.086700
IE,all,MAR,0,Exp7,Exponential,0.083310
IE,all,MAR,0,Exp8,Exponential,0.083999
IE,all,MAR,0,Exp9,Exponential,0.084953
IE,all,MAR,1,Exp0,Gaussian,0.112636
IE,all,MAR,1,Exp1,Gaussian,0.110418
IE,all,MAR,1,Exp2,Gaussian,0.111716
IE,all,MAR,1,Exp3,Gaussian,0.111088
IE,all,MAR,1,Exp4,Gaussian,0.111324
IE,all,MAR,1,Exp5,Gaussian,0.114245
IE,all,MAR,1,Exp6,Gaussian,0.107773
IE,all,MAR,1,Exp7,Gaussian,0.112305
IE,all,MAR,1,Exp8,Gaussian,0.111035
IE,all,MAR,1,Exp9,Gaussian,0.109904
IE,all,MAR,1,Exp0,Exponential,0.114616
IE,all,MAR,1,Exp1,Exponential,0.110124
IE,all,MAR,1,Exp2,Exponential,0.112350
IE,all,MAR,1,Exp3,Exponential,0.114068
IE,all,MAR,1,Exp4,Exponential,0.110099
IE,all,MAR,1,Exp5,Exponential,0.110566
IE,all,MAR,1,Exp6,Exponential,0.110979
IE,all,MAR,1,Exp7,Exponential,0.112569
IE,all,MAR,1,Exp8,Exponential,0.112499
IE,all,MAR,1,Exp9,Exponential,0.112938
IE,all,CARRA,0,Exp0,Gaussian,0.091417
IE,all,CARRA,0,Exp1,Gaussian,0.092499
IE,all,CARRA,0,Exp2,Gaussian,0.094211
IE,all,CARRA,0,Exp3,Gaussian,0.094646
IE,all,CARRA,0,Exp4,Gaussian,0.093066
IE,all,CARRA,0,Exp5,Gaussian,0.090060
IE,all,CARRA,0,Exp6,Gaussian,0.089734
IE,all,CARRA,0,Exp7,Gaussian,0.090604
IE,all,CARRA,0,Exp8,Gaussian,0.089269
IE,all,CARRA,0,Exp9,Gaussian,0.095338
IE,all,CARRA,0,Exp0,Exponential,0.090279
IE,all,CARRA,0,Exp1,Exponential,0.090820
IE,all,CARRA,0,Exp2,Exponential,0.093534
IE,all,CARRA,0,Exp3,Exponential,0.094046
IE,all,CARRA,0,Exp4,Exponential,0.096525
IE,all,CARRA,0,Exp5,Exponential,0.090834
IE,all,CARRA,0,Exp6,Exponential,0.089645
IE,all,CARRA,0,Exp7,Exponential,0.094738
IE,all,CARRA,0,Exp8,Exponential,0.094156
IE,all,CARRA,0,Exp9,Exponential,0.095035
IE,all,CARRA,1,Exp0,Gaussian,0.145483
IE,all,CARRA,1,Exp1,Gaussian,0.148252
IE,all,CARRA,1,Exp2,Gaussian,0.147194
IE,all,CARRA,1,Exp3,Gaussian,0.146164
IE,all,CARRA,1,Exp4,Gaussian,0.150875
IE,all,CARRA,1,Exp5,Gaussian,0.146193
IE,all,CARRA,1,Exp6,Gaussian,0.143172
IE,all,CARRA,1,Exp7,Gaussian,0.149589
IE,all,CARRA,1,Exp8,Gaussian,0.144121
IE,all,CARRA,1,Exp9,Gaussian,0.149931
IE,all,CARRA,1,Exp0,Exponential,0.148931
IE,all,CARRA,1,Exp1,Exponential,0.145488
IE,all,CARRA,1,Exp2,Exponential,0.148693
IE,all,CARRA,1,Exp3,Exponential,0.146715
IE,all,CARRA,1,Exp4,Exponential,0.147570
IE,all,CARRA,1,Exp5,Exponential,0.145997
IE,all,CARRA,1,Exp6,Exponential,0.145256
IE,all,CARRA,1,Exp7,Exponential,0.148305
IE,all,CARRA,1,Exp8,Exponential,0.149616
IE,all,CARRA,1,Exp9,Exponential,0.150225
Riley,Annual,all,0,Exp0,Gaussian,0.036630
Riley,Annual,all,0,Exp1,Gaussian,0.041074
Riley,Annual,all,0,Exp2,Gaussian,0.036632
Riley,Annual,all,0,Exp3,Gaussian,0.036273
Riley,Annual,all,0,Exp4,Gaussian,0.035372
Riley,Annual,all,0,Exp5,Gaussian,0.035954
Riley,Annual,all,0,Exp6,Gaussian,0.039686
Riley,Annual,all,0,Exp7,Gaussian,0.037416
Riley,Annual,all,0,Exp8,Gaussian,0.036775
Riley,Annual,all,0,Exp9,Gaussian,0.035901
Riley,Annual,all,0,Exp0,Exponential,0.040507
Riley,Annual,all,0,Exp1,Exponential,0.035377
Riley,Annual,all,0,Exp2,Exponential,0.038878
Riley,Annual,all,0,Exp3,Exponential,0.036087
Riley,Annual,all,0,Exp4,Exponential,0.036538
Riley,Annual,all,0,Exp5,Exponential,0.037492
Riley,Annual,all,0,Exp6,Exponential,0.035526
Riley,Annual,all,0,Exp7,Exponential,0.035973
Riley,Annual,all,0,Exp8,Exponential,0.036281
Riley,Annual,all,0,Exp9,Exponential,0.036377
Riley,Annual,all,1,Exp0,Gaussian,0.047368
Riley,Annual,all,1,Exp1,Gaussian,0.047201
Riley,Annual,all,1,Exp2,Gaussian,0.047507
Riley,Annual,all,1,Exp3,Gaussian,0.046515
Riley,Annual,all,1,Exp4,Gaussian,0.048571
Riley,Annual,all,1,Exp5,Gaussian,0.048106
Riley,Annual,all,1,Exp6,Gaussian,0.046676
Riley,Annual,all,1,Exp7,Gaussian,0.045913
Riley,Annual,all,1,Exp8,Gaussian,0.049627
Riley,Annual,all,1,Exp9,Gaussian,0.048513
Riley,Annual,all,1,Exp0,Exponential,0.046758
Riley,Annual,all,1,Exp1,Exponential,0.051066
Riley,Annual,all,1,Exp2,Exponential,0.046740
Riley,Annual,all,1,Exp3,Exponential,0.048543
Riley,Annual,all,1,Exp4,Exponential,0.048428
Riley,Annual,all,1,Exp5,Exponential,0.046702
Riley,Annual,all,1,Exp6,Exponential,0.045349
Riley,Annual,all,1,Exp7,Exponential,0.047638
Riley,Annual,all,1,Exp8,Exponential,0.053117
Riley,Annual,all,1,Exp9,Exponential,0.048723
Riley,DJF,all,0,Exp0,Gaussian,0.054142
Riley,DJF,all,0,Exp1,Gaussian,0.055645
Riley,DJF,all,0,Exp2,Gaussian,0.054167
Riley,DJF,all,0,Exp3,Gaussian,0.056356
Riley,DJF,all,0,Exp4,Gaussian,0.051871
Riley,DJF,all,0,Exp5,Gaussian,0.052424
Riley,DJF,all,0,Exp6,Gaussian,0.050755
Riley,DJF,all,0,Exp7,Gaussian,0.054244
Riley,DJF,all,0,Exp8,Gaussian,0.051156
Riley,DJF,all,0,Exp9,Gaussian,0.052119
Riley,DJF,all,0,Exp0,Exponential,0.054887
Riley,DJF,all,0,Exp1,Exponential,0.052153
Riley,DJF,all,0,Exp2,Exponential,0.053928
Riley,DJF,all,0,Exp3,Exponential,0.052113
Riley,DJF,all,0,Exp4,Exponential,0.055533
Riley,DJF,all,0,Exp5,Exponential,0.055072
Riley,DJF,all,0,Exp6,Exponential,0.053614
Riley,DJF,all,0,Exp7,Exponential,0.052693
Riley,DJF,all,0,Exp8,Exponential,0.056708
Riley,DJF,all,0,Exp9,Exponential,0.056129
Riley,DJF,all,1,Exp0,Gaussian,0.067268
Riley,DJF,all,1,Exp1,Gaussian,0.071480
Riley,DJF,all,1,Exp2,Gaussian,0.067682
Riley,DJF,all,1,Exp3,Gaussian,0.066709
Riley,DJF,all,1,Exp4,Gaussian,0.063931
Riley,DJF,all,1,Exp5,Gaussian,0.068326
Riley,DJF,all,1,Exp6,Gaussian,0.066718
Riley,DJF,all,1,Exp7,Gaussian,0.066400
Riley,DJF,all,1,Exp8,Gaussian,0.066251
Riley,DJF,all,1,Exp9,Gaussian,0.067439
Riley,DJF,all,1,Exp0,Exponential,0.069555
Riley,DJF,all,1,Exp1,Exponential,0.064498
Riley,DJF,all,1,Exp2,Exponential,0.069705
Riley,DJF,all,1,Exp3,Exponential,0.066029
Riley,DJF,all,1,Exp4,Exponential,0.063242
Riley,DJF,all,1,Exp5,Exponential,0.067444
Riley,DJF,all,1,Exp6,Exponential,0.067013
Riley,DJF,all,1,Exp7,Exponential,0.066489
Riley,DJF,all,1,Exp8,Exponential,0.070630
Riley,DJF,all,1,Exp9,Exponential,0.071996
Riley,JJA,all,0,Exp0,Gaussian,0.077724
Riley,JJA,all,0,Exp1,Gaussian,0.073740
Riley,JJA,all,0,Exp2,Gaussian,0.076457
Riley,JJA,all,0,Exp3,Gaussian,0.075097
Riley,JJA,all,0,Exp4,Gaussian,0.077054
Riley,JJA,all,0,Exp5,Gaussian,0.074405
Riley,JJA,all,0,Exp6,Gaussian,0.073574
Riley,JJA,all,0,Exp7,Gaussian,0.074684
Riley,JJA,all,0,Exp8,Gaussian,0.075269
Riley,JJA,all,0,Exp9,Gaussian,0.075744
Riley,JJA,all,0,Exp0,Exponential,0.075334
Riley,JJA,all,0,Exp1,Exponential,0.076392
Riley,JJA,all,0,Exp2,Exponential,0.076718
Riley,JJA,all,0,Exp3,Exponential,0.074487
Riley,JJA,all,0,Exp4,Exponential,0.077762
Riley,JJA,all,0,Exp5,Exponential,0.074591
Riley,JJA,all,0,Exp6,Exponential,0.074833
Riley,JJA,all,0,Exp7,Exponential,0.074994
Riley,JJA,all,0,Exp8,Exponential,0.074255
Riley,JJA,all,0,Exp9,Exponential,0.074854
Riley,JJA,all,1,Exp0,Gaussian,0.104922
Riley,JJA,all,1,Exp1,Gaussian,0.102695
Riley,JJA,all,1,Exp2,Gaussian,0.103573
Riley,JJA,all,1,Exp3,Gaussian,0.104200
Riley,JJA,all,1,Exp4,Gaussian,0.104410
Riley,JJA,all,1,Exp5,Gaussian,0.102859
Riley,JJA,all,1,Exp6,Gaussian,0.100792
Riley,JJA,all,1,Exp7,Gaussian,0.101970
Riley,JJA,all,1,Exp8,Gaussian,0.102450
Riley,JJA,all,1,Exp9,Gaussian,0.102981
Riley,JJA,all,1,Exp0,Exponential,0.107777
Riley,JJA,all,1,Exp1,Exponential,0.104356
Riley,JJA,all,1,Exp2,Exponential,0.106942
Riley,JJA,all,1,Exp3,Exponential,0.105607
Riley,JJA,all,1,Exp4,Exponential,0.104432
Riley,JJA,all,1,Exp5,Exponential,0.102865
Riley,JJA,all,1,Exp6,Exponential,0.101923
Riley,JJA,all,1,Exp7,Exponential,0.102995
Riley,JJA,all,1,Exp8,Exponential,0.103024
Riley,JJA,all,1,Exp9,Exponential,0.104089
IE,Annual,all,0,Exp0,Gaussian,0.034638
IE,Annual,all,0,Exp1,Gaussian,0.035037
IE,Annual,all,0,Exp2,Gaussian,0.034905
IE,Annual,all,0,Exp3,Gaussian,0.034895
IE,Annual,all,0,Exp4,Gaussian,0.038285
IE,Annual,all,0,Exp5,Gaussian,0.034823
IE,Annual,all,0,Exp6,Gaussian,0.040336
IE,Annual,all,0,Exp7,Gaussian,0.033070
IE,Annual,all,0,Exp8,Gaussian,0.037035
IE,Annual,all,0,Exp9,Gaussian,0.034120
IE,Annual,all,0,Exp0,Exponential,0.035443
IE,Annual,all,0,Exp1,Exponential,0.034635
IE,Annual,all,0,Exp2,Exponential,0.035774
IE,Annual,all,0,Exp3,Exponential,0.034430
IE,Annual,all,0,Exp4,Exponential,0.040719
IE,Annual,all,0,Exp5,Exponential,0.036580
IE,Annual,all,0,Exp6,Exponential,0.034459
IE,Annual,all,0,Exp7,Exponential,0.033310
IE,Annual,all,0,Exp8,Exponential,0.036292
IE,Annual,all,0,Exp9,Exponential,0.034360
IE,Annual,all,1,Exp0,Gaussian,0.043343
IE,Annual,all,1,Exp1,Gaussian,0.046423
IE,Annual,all,1,Exp2,Gaussian,0.043721
IE,Annual,all,1,Exp3,Gaussian,0.043033
IE,Annual,all,1,Exp4,Gaussian,0.043800
IE,Annual,all,1,Exp5,Gaussian,0.044310
IE,Annual,all,1,Exp6,Gaussian,0.052364
IE,Annual,all,1,Exp7,Gaussian,0.041459
IE,Annual,all,1,Exp8,Gaussian,0.042504
IE,Annual,all,1,Exp9,Gaussian,0.052167
IE,Annual,all,1,Exp0,Exponential,0.041659
IE,Annual,all,1,Exp1,Exponential,0.044432
IE,Annual,all,1,Exp2,Exponential,0.045116
IE,Annual,all,1,Exp3,Exponential,0.046855
IE,Annual,all,1,Exp4,Exponential,0.043239
IE,Annual,all,1,Exp5,Exponential,0.043302
IE,Annual,all,1,Exp6,Exponential,0.045983
IE,Annual,all,1,Exp7,Exponential,0.045146
IE,Annual,all,1,Exp8,Exponential,0.043418
IE,Annual,all,1,Exp9,Exponential,0.043779
IE,DJF,all,0,Exp0,Gaussian,0.051771
IE,DJF,all,0,Exp1,Gaussian,0.052703
IE,DJF,all,0,Exp2,Gaussian,0.046782
IE,DJF,all,0,Exp3,Gaussian,0.052171
IE,DJF,all,0,Exp4,Gaussian,0.045988
IE,DJF,all,0,Exp5,Gaussian,0.048753
IE,DJF,all,0,Exp6,Gaussian,0.050440
IE,DJF,all,0,Exp7,Gaussian,0.046701
IE,DJF,all,0,Exp8,Gaussian,0.050835
IE,DJF,all,0,Exp9,Gaussian,0.053972
IE,DJF,all,0,Exp0,Exponential,0.047468
IE,DJF,all,0,Exp1,Exponential,0.047501
IE,DJF,all,0,Exp2,Exponential,0.047488
IE,DJF,all,0,Exp3,Exponential,0.050027
IE,DJF,all,0,Exp4,Exponential,0.048836
IE,DJF,all,0,Exp5,Exponential,0.049820
IE,DJF,all,0,Exp6,Exponential,0.052723
IE,DJF,all,0,Exp7,Exponential,0.048190
IE,DJF,all,0,Exp8,Exponential,0.050440
IE,DJF,all,0,Exp9,Exponential,0.050293
IE,DJF,all,1,Exp0,Gaussian,0.062952
IE,DJF,all,1,Exp1,Gaussian,0.057417
IE,DJF,all,1,Exp2,Gaussian,0.059070
IE,DJF,all,1,Exp3,Gaussian,0.061452
IE,DJF,all,1,Exp4,Gaussian,0.058403
IE,DJF,all,1,Exp5,Gaussian,0.060206
IE,DJF,all,1,Exp6,Gaussian,0.063845
IE,DJF,all,1,Exp7,Gaussian,0.059438
IE,DJF,all,1,Exp8,Gaussian,0.062945
IE,DJF,all,1,Exp9,Gaussian,0.060498
IE,DJF,all,1,Exp0,Exponential,0.060480
IE,DJF,all,1,Exp1,Exponential,0.059051
IE,DJF,all,1,Exp2,Exponential,0.060723
IE,DJF,all,1,Exp3,Exponential,0.062570
IE,DJF,all,1,Exp4,Exponential,0.060709
IE,DJF,all,1,Exp5,Exponential,0.062453
IE,DJF,all,1,Exp6,Exponential,0.063232
IE,DJF,all,1,Exp7,Exponential,0.059746
IE,DJF,all,1,Exp8,Exponential,0.062670
IE,DJF,all,1,Exp9,Exponential,0.060669
IE,JJA,all,0,Exp0,Gaussian,0.073717
IE,JJA,all,0,Exp1,Gaussian,0.072025
IE,JJA,all,0,Exp2,Gaussian,0.074140
IE,JJA,all,0,Exp3,Gaussian,0.073309
IE,JJA,all,0,Exp4,Gaussian,0.074437
IE,JJA,all,0,Exp5,Gaussian,0.072942
IE,JJA,all,0,Exp6,Gaussian,0.073459
IE,JJA,all,0,Exp7,Gaussian,0.073319
IE,JJA,all,0,Exp8,Gaussian,0.072987
IE,JJA,all,0,Exp9,Gaussian,0.072919
IE,JJA,all,0,Exp0,Exponential,0.078164
IE,JJA,all,0,Exp1,Exponential,0.073118
IE,JJA,all,0,Exp2,Exponential,0.073442
IE,JJA,all,0,Exp3,Exponential,0.073138
IE,JJA,all,0,Exp4,Exponential,0.072587
IE,JJA,all,0,Exp5,Exponential,0.072369
IE,JJA,all,0,Exp6,Exponential,0.073170
IE,JJA,all,0,Exp7,Exponential,0.074137
IE,JJA,all,0,Exp8,Exponential,0.073016
IE,JJA,all,0,Exp9,Exponential,0.076496
IE,JJA,all,1,Exp0,Gaussian,0.102783
IE,JJA,all,1,Exp1,Gaussian,0.103025
IE,JJA,all,1,Exp2,Gaussian,0.103817
IE,JJA,all,1,Exp3,Gaussian,0.103232
IE,JJA,all,1,Exp4,Gaussian,0.102746
IE,JJA,all,1,Exp5,Gaussian,0.101881
IE,JJA,all,1,Exp6,Gaussian,0.102501
IE,JJA,all,1,Exp7,Gaussian,0.102190
IE,JJA,all,1,Exp8,Gaussian,0.104275
IE,JJA,all,1,Exp9,Gaussian,0.102606
IE,JJA,all,1,Exp0,Exponential,0.102248
IE,JJA,all,1,Exp1,Exponential,0.102925
IE,JJA,all,1,Exp2,Exponential,0.103394
IE,JJA,all,1,Exp3,Exponential,0.102792
IE,JJA,all,1,Exp4,Exponential,0.102259
IE,JJA,all,1,Exp5,Exponential,0.102713
IE,JJA,all,1,Exp6,Exponential,0.104285
IE,JJA,all,1,Exp7,Exponential,0.104828
IE,JJA,all,1,Exp8,Exponential,0.101814
IE,JJA,all,1,Exp9,Exponential,0.102877
Riley,Annual,RACMO,all,Exp0,Gaussian,0.021499
Riley,Annual,RACMO,all,Exp1,Gaussian,0.020513
Riley,Annual,RACMO,all,Exp2,Gaussian,0.020896
Riley,Annual,RACMO,all,Exp3,Gaussian,0.021469
Riley,Annual,RACMO,all,Exp4,Gaussian,0.020794
Riley,Annual,RACMO,all,Exp5,Gaussian,0.023132
Riley,Annual,RACMO,all,Exp6,Gaussian,0.020176
Riley,Annual,RACMO,all,Exp7,Gaussian,0.020803
Riley,Annual,RACMO,all,Exp8,Gaussian,0.021018
Riley,Annual,RACMO,all,Exp9,Gaussian,0.021022
Riley,Annual,RACMO,all,Exp0,Exponential,0.020719
Riley,Annual,RACMO,all,Exp1,Exponential,0.022089
Riley,Annual,RACMO,all,Exp2,Exponential,0.021671
Riley,Annual,RACMO,all,Exp3,Exponential,0.020824
Riley,Annual,RACMO,all,Exp4,Exponential,0.020863
Riley,Annual,RACMO,all,Exp5,Exponential,0.020783
Riley,Annual,RACMO,all,Exp6,Exponential,0.020988
Riley,Annual,RACMO,all,Exp7,Exponential,0.020459
Riley,Annual,RACMO,all,Exp8,Exponential,0.021755
Riley,Annual,RACMO,all,Exp9,Exponential,0.020742
Riley,Annual,MAR,all,Exp0,Gaussian,0.020607
Riley,Annual,MAR,all,Exp1,Gaussian,0.019541
Riley,Annual,MAR,all,Exp2,Gaussian,0.020641
Riley,Annual,MAR,all,Exp3,Gaussian,0.020295
Riley,Annual,MAR,all,Exp4,Gaussian,0.019383
Riley,Annual,MAR,all,Exp5,Gaussian,0.019420
Riley,Annual,MAR,all,Exp6,Gaussian,0.018842
Riley,Annual,MAR,all,Exp7,Gaussian,0.019186
Riley,Annual,MAR,all,Exp8,Gaussian,0.019952
Riley,Annual,MAR,all,Exp9,Gaussian,0.019662
Riley,Annual,MAR,all,Exp0,Exponential,0.019391
Riley,Annual,MAR,all,Exp1,Exponential,0.019340
Riley,Annual,MAR,all,Exp2,Exponential,0.019316
Riley,Annual,MAR,all,Exp3,Exponential,0.019386
Riley,Annual,MAR,all,Exp4,Exponential,0.019264
Riley,Annual,MAR,all,Exp5,Exponential,0.019634
Riley,Annual,MAR,all,Exp6,Exponential,0.019310
Riley,Annual,MAR,all,Exp7,Exponential,0.019000
Riley,Annual,MAR,all,Exp8,Exponential,0.019562
Riley,Annual,MAR,all,Exp9,Exponential,0.019489
Riley,Annual,CARRA,all,Exp0,Gaussian,0.016981
Riley,Annual,CARRA,all,Exp1,Gaussian,0.016949
Riley,Annual,CARRA,all,Exp2,Gaussian,0.018922
Riley,Annual,CARRA,all,Exp3,Gaussian,0.017011
Riley,Annual,CARRA,all,Exp4,Gaussian,0.017731
Riley,Annual,CARRA,all,Exp5,Gaussian,0.018092
Riley,Annual,CARRA,all,Exp6,Gaussian,0.017695
Riley,Annual,CARRA,all,Exp7,Gaussian,0.017671
Riley,Annual,CARRA,all,Exp8,Gaussian,0.021814
Riley,Annual,CARRA,all,Exp9,Gaussian,0.019233
Riley,Annual,CARRA,all,Exp0,Exponential,0.017413
Riley,Annual,CARRA,all,Exp1,Exponential,0.017045
Riley,Annual,CARRA,all,Exp2,Exponential,0.017091
Riley,Annual,CARRA,all,Exp3,Exponential,0.017447
Riley,Annual,CARRA,all,Exp4,Exponential,0.017505
Riley,Annual,CARRA,all,Exp5,Exponential,0.017158
Riley,Annual,CARRA,all,Exp6,Exponential,0.017184
Riley,Annual,CARRA,all,Exp7,Exponential,0.017925
Riley,Annual,CARRA,all,Exp8,Exponential,0.017209
Riley,Annual,CARRA,all,Exp9,Exponential,0.017383
Riley,DJF,RACMO,all,Exp0,Gaussian,0.026066
Riley,DJF,RACMO,all,Exp1,Gaussian,0.024667
Riley,DJF,RACMO,all,Exp2,Gaussian,0.024885
Riley,DJF,RACMO,all,Exp3,Gaussian,0.026034
Riley,DJF,RACMO,all,Exp4,Gaussian,0.024700
Riley,DJF,RACMO,all,Exp5,Gaussian,0.024556
Riley,DJF,RACMO,all,Exp6,Gaussian,0.024191
Riley,DJF,RACMO,all,Exp7,Gaussian,0.025563
Riley,DJF,RACMO,all,Exp8,Gaussian,0.024339
Riley,DJF,RACMO,all,Exp9,Gaussian,0.024813
Riley,DJF,RACMO,all,Exp0,Exponential,0.024524
Riley,DJF,RACMO,all,Exp1,Exponential,0.024911
Riley,DJF,RACMO,all,Exp2,Exponential,0.026116
Riley,DJF,RACMO,all,Exp3,Exponential,0.026802
Riley,DJF,RACMO,all,Exp4,Exponential,0.025137
Riley,DJF,RACMO,all,Exp5,Exponential,0.024372
Riley,DJF,RACMO,all,Exp6,Exponential,0.023931
Riley,DJF,RACMO,all,Exp7,Exponential,0.024858
Riley,DJF,RACMO,all,Exp8,Exponential,0.027988
Riley,DJF,RACMO,all,Exp9,Exponential,0.024076
Riley,DJF,MAR,all,Exp0,Gaussian,0.025437
Riley,DJF,MAR,all,Exp1,Gaussian,0.025687
Riley,DJF,MAR,all,Exp2,Gaussian,0.025526
Riley,DJF,MAR,all,Exp3,Gaussian,0.026214
Riley,DJF,MAR,all,Exp4,Gaussian,0.025704
Riley,DJF,MAR,all,Exp5,Gaussian,0.025630
Riley,DJF,MAR,all,Exp6,Gaussian,0.026875
Riley,DJF,MAR,all,Exp7,Gaussian,0.025364
Riley,DJF,MAR,all,Exp8,Gaussian,0.026264
Riley,DJF,MAR,all,Exp9,Gaussian,0.026059
Riley,DJF,MAR,all,Exp0,Exponential,0.026040
Riley,DJF,MAR,all,Exp1,Exponential,0.025309
Riley,DJF,MAR,all,Exp2,Exponential,0.028975
Riley,DJF,MAR,all,Exp3,Exponential,0.026205
Riley,DJF,MAR,all,Exp4,Exponential,0.027810
Riley,DJF,MAR,all,Exp5,Exponential,0.026021
Riley,DJF,MAR,all,Exp6,Exponential,0.025472
Riley,DJF,MAR,all,Exp7,Exponential,0.025621
Riley,DJF,MAR,all,Exp8,Exponential,0.025746
Riley,DJF,MAR,all,Exp9,Exponential,0.025966
Riley,DJF,CARRA,all,Exp0,Gaussian,0.026417
Riley,DJF,CARRA,all,Exp1,Gaussian,0.025713
Riley,DJF,CARRA,all,Exp2,Gaussian,0.031331
Riley,DJF,CARRA,all,Exp3,Gaussian,0.025225
Riley,DJF,CARRA,all,Exp4,Gaussian,0.028606
Riley,DJF,CARRA,all,Exp5,Gaussian,0.027812
Riley,DJF,CARRA,all,Exp6,Gaussian,0.025504
Riley,DJF,CARRA,all,Exp7,Gaussian,0.026284
Riley,DJF,CARRA,all,Exp8,Gaussian,0.025594
Riley,DJF,CARRA,all,Exp9,Gaussian,0.025736
Riley,DJF,CARRA,all,Exp0,Exponential,0.025995
Riley,DJF,CARRA,all,Exp1,Exponential,0.026646
Riley,DJF,CARRA,all,Exp2,Exponential,0.030207
Riley,DJF,CARRA,all,Exp3,Exponential,0.025026
Riley,DJF,CARRA,all,Exp4,Exponential,0.025501
Riley,DJF,CARRA,all,Exp5,Exponential,0.026012
Riley,DJF,CARRA,all,Exp6,Exponential,0.026903
Riley,DJF,CARRA,all,Exp7,Exponential,0.025444
Riley,DJF,CARRA,all,Exp8,Exponential,0.025399
Riley,DJF,CARRA,all,Exp9,Exponential,0.025700
Riley,JJA,RACMO,all,Exp0,Gaussian,0.011662
Riley,JJA,RACMO,all,Exp1,Gaussian,0.012194
Riley,JJA,RACMO,all,Exp2,Gaussian,0.011602
Riley,JJA,RACMO,all,Exp3,Gaussian,0.011951
Riley,JJA,RACMO,all,Exp4,Gaussian,0.014733
Riley,JJA,RACMO,all,Exp5,Gaussian,0.011263
Riley,JJA,RACMO,all,Exp6,Gaussian,0.011263
Riley,JJA,RACMO,all,Exp7,Gaussian,0.011067
Riley,JJA,RACMO,all,Exp8,Gaussian,0.013553
Riley,JJA,RACMO,all,Exp9,Gaussian,0.011185
Riley,JJA,RACMO,all,Exp0,Exponential,0.013066
Riley,JJA,RACMO,all,Exp1,Exponential,0.010858
Riley,JJA,RACMO,all,Exp2,Exponential,0.014142
Riley,JJA,RACMO,all,Exp3,Exponential,0.012743
Riley,JJA,RACMO,all,Exp4,Exponential,0.011963
Riley,JJA,RACMO,all,Exp5,Exponential,0.011657
Riley,JJA,RACMO,all,Exp6,Exponential,0.012021
Riley,JJA,RACMO,all,Exp7,Exponential,0.011217
Riley,JJA,RACMO,all,Exp8,Exponential,0.011360
Riley,JJA,RACMO,all,Exp9,Exponential,0.012127
Riley,JJA,MAR,all,Exp0,Gaussian,0.007836
Riley,JJA,MAR,all,Exp1,Gaussian,0.010734
Riley,JJA,MAR,all,Exp2,Gaussian,0.011572
Riley,JJA,MAR,all,Exp3,Gaussian,0.018637
Riley,JJA,MAR,all,Exp4,Gaussian,0.010579
Riley,JJA,MAR,all,Exp5,Gaussian,0.007948
Riley,JJA,MAR,all,Exp6,Gaussian,0.009099
Riley,JJA,MAR,all,Exp7,Gaussian,0.007977
Riley,JJA,MAR,all,Exp8,Gaussian,0.011423
Riley,JJA,MAR,all,Exp9,Gaussian,0.008242
Riley,JJA,MAR,all,Exp0,Exponential,0.008940
Riley,JJA,MAR,all,Exp1,Exponential,0.008041
Riley,JJA,MAR,all,Exp2,Exponential,0.014812
Riley,JJA,MAR,all,Exp3,Exponential,0.010495
Riley,JJA,MAR,all,Exp4,Exponential,0.009675
Riley,JJA,MAR,all,Exp5,Exponential,0.009386
Riley,JJA,MAR,all,Exp6,Exponential,0.007949
Riley,JJA,MAR,all,Exp7,Exponential,0.009162
Riley,JJA,MAR,all,Exp8,Exponential,0.007930
Riley,JJA,MAR,all,Exp9,Exponential,0.007989
Riley,JJA,CARRA,all,Exp0,Gaussian,0.037892
Riley,JJA,CARRA,all,Exp1,Gaussian,0.038084
Riley,JJA,CARRA,all,Exp2,Gaussian,0.038118
Riley,JJA,CARRA,all,Exp3,Gaussian,0.038080
Riley,JJA,CARRA,all,Exp4,Gaussian,0.047332
Riley,JJA,CARRA,all,Exp5,Gaussian,0.045209
Riley,JJA,CARRA,all,Exp6,Gaussian,0.038330
Riley,JJA,CARRA,all,Exp7,Gaussian,0.037821
Riley,JJA,CARRA,all,Exp8,Gaussian,0.037662
Riley,JJA,CARRA,all,Exp9,Gaussian,0.037698
Riley,JJA,CARRA,all,Exp0,Exponential,0.044552
Riley,JJA,CARRA,all,Exp1,Exponential,0.038428
Riley,JJA,CARRA,all,Exp2,Exponential,0.039203
Riley,JJA,CARRA,all,Exp3,Exponential,0.048081
Riley,JJA,CARRA,all,Exp4,Exponential,0.037932
Riley,JJA,CARRA,all,Exp5,Exponential,0.040233
Riley,JJA,CARRA,all,Exp6,Exponential,0.037840
Riley,JJA,CARRA,all,Exp7,Exponential,0.038058
Riley,JJA,CARRA,all,Exp8,Exponential,0.039092
Riley,JJA,CARRA,all,Exp9,Exponential,0.038023
IE,Annual,RACMO,all,Exp0,Gaussian,0.021079
IE,Annual,RACMO,all,Exp1,Gaussian,0.023681
IE,Annual,RACMO,all,Exp2,Gaussian,0.020785
IE,Annual,RACMO,all,Exp3,Gaussian,0.020007
IE,Annual,RACMO,all,Exp4,Gaussian,0.019973
IE,Annual,RACMO,all,Exp5,Gaussian,0.022582
IE,Annual,RACMO,all,Exp6,Gaussian,0.021992
IE,Annual,RACMO,all,Exp7,Gaussian,0.020967
IE,Annual,RACMO,all,Exp8,Gaussian,0.020165
IE,Annual,RACMO,all,Exp9,Gaussian,0.020672
IE,Annual,RACMO,all,Exp0,Exponential,0.019692
IE,Annual,RACMO,all,Exp1,Exponential,0.019444
IE,Annual,RACMO,all,Exp2,Exponential,0.020544
IE,Annual,RACMO,all,Exp3,Exponential,0.020193
IE,Annual,RACMO,all,Exp4,Exponential,0.019817
IE,Annual,RACMO,all,Exp5,Exponential,0.020572
IE,Annual,RACMO,all,Exp6,Exponential,0.020861
IE,Annual,RACMO,all,Exp7,Exponential,0.026840
IE,Annual,RACMO,all,Exp8,Exponential,0.019886
IE,Annual,RACMO,all,Exp9,Exponential,0.020285
IE,Annual,MAR,all,Exp0,Gaussian,0.018606
IE,Annual,MAR,all,Exp1,Gaussian,0.019405
IE,Annual,MAR,all,Exp2,Gaussian,0.018841
IE,Annual,MAR,all,Exp3,Gaussian,0.019843
IE,Annual,MAR,all,Exp4,Gaussian,0.018765
IE,Annual,MAR,all,Exp5,Gaussian,0.019313
IE,Annual,MAR,all,Exp6,Gaussian,0.019716
IE,Annual,MAR,all,Exp7,Gaussian,0.019309
IE,Annual,MAR,all,Exp8,Gaussian,0.019393
IE,Annual,MAR,all,Exp9,Gaussian,0.020291
IE,Annual,MAR,all,Exp0,Exponential,0.019376
IE,Annual,MAR,all,Exp1,Exponential,0.018542
IE,Annual,MAR,all,Exp2,Exponential,0.018918
IE,Annual,MAR,all,Exp3,Exponential,0.037705
IE,Annual,MAR,all,Exp4,Exponential,0.018527
IE,Annual,MAR,all,Exp5,Exponential,0.019242
IE,Annual,MAR,all,Exp6,Exponential,0.020857
IE,Annual,MAR,all,Exp7,Exponential,0.019406
IE,Annual,MAR,all,Exp8,Exponential,0.019320
IE,Annual,MAR,all,Exp9,Exponential,0.019252
IE,Annual,CARRA,all,Exp0,Gaussian,0.019865
IE,Annual,CARRA,all,Exp1,Gaussian,0.017450
IE,Annual,CARRA,all,Exp2,Gaussian,0.023305
IE,Annual,CARRA,all,Exp3,Gaussian,0.018391
IE,Annual,CARRA,all,Exp4,Gaussian,0.017088
IE,Annual,CARRA,all,Exp5,Gaussian,0.018330
IE,Annual,CARRA,all,Exp6,Gaussian,0.016390
IE,Annual,CARRA,all,Exp7,Gaussian,0.016725
IE,Annual,CARRA,all,Exp8,Gaussian,0.016171
IE,Annual,CARRA,all,Exp9,Gaussian,0.028484
IE,Annual,CARRA,all,Exp0,Exponential,0.019684
IE,Annual,CARRA,all,Exp1,Exponential,0.018148
IE,Annual,CARRA,all,Exp2,Exponential,0.016689
IE,Annual,CARRA,all,Exp3,Exponential,0.019622
IE,Annual,CARRA,all,Exp4,Exponential,0.022977
IE,Annual,CARRA,all,Exp5,Exponential,0.017393
IE,Annual,CARRA,all,Exp6,Exponential,0.016410
IE,Annual,CARRA,all,Exp7,Exponential,0.016673
IE,Annual,CARRA,all,Exp8,Exponential,0.020841
IE,Annual,CARRA,all,Exp9,Exponential,0.017009
IE,DJF,RACMO,all,Exp0,Gaussian,0.023212
IE,DJF,RACMO,all,Exp1,Gaussian,0.024520
IE,DJF,RACMO,all,Exp2,Gaussian,0.022943
IE,DJF,RACMO,all,Exp3,Gaussian,0.022421
IE,DJF,RACMO,all,Exp4,Gaussian,0.024210
IE,DJF,RACMO,all,Exp5,Gaussian,0.022402
IE,DJF,RACMO,all,Exp6,Gaussian,0.022577
IE,DJF,RACMO,all,Exp7,Gaussian,0.023399
IE,DJF,RACMO,all,Exp8,Gaussian,0.023822
IE,DJF,RACMO,all,Exp9,Gaussian,0.023008
IE,DJF,RACMO,all,Exp0,Exponential,0.021514
IE,DJF,RACMO,all,Exp1,Exponential,0.021986
IE,DJF,RACMO,all,Exp2,Exponential,0.022896
IE,DJF,RACMO,all,Exp3,Exponential,0.024511
IE,DJF,RACMO,all,Exp4,Exponential,0.023866
IE,DJF,RACMO,all,Exp5,Exponential,0.024398
IE,DJF,RACMO,all,Exp6,Exponential,0.022957
IE,DJF,RACMO,all,Exp7,Exponential,0.022930
IE,DJF,RACMO,all,Exp8,Exponential,0.022405
IE,DJF,RACMO,all,Exp9,Exponential,0.027478
IE,DJF,MAR,all,Exp0,Gaussian,0.026799
IE,DJF,MAR,all,Exp1,Gaussian,0.032020
IE,DJF,MAR,all,Exp2,Gaussian,0.024742
IE,DJF,MAR,all,Exp3,Gaussian,0.027040
IE,DJF,MAR,all,Exp4,Gaussian,0.024906
IE,DJF,MAR,all,Exp5,Gaussian,0.024924
IE,DJF,MAR,all,Exp6,Gaussian,0.031151
IE,DJF,MAR,all,Exp7,Gaussian,0.025438
IE,DJF,MAR,all,Exp8,Gaussian,0.025054
IE,DJF,MAR,all,Exp9,Gaussian,0.024939
IE,DJF,MAR,all,Exp0,Exponential,0.024775
IE,DJF,MAR,all,Exp1,Exponential,0.025200
IE,DJF,MAR,all,Exp2,Exponential,0.025089
IE,DJF,MAR,all,Exp3,Exponential,0.028098
IE,DJF,MAR,all,Exp4,Exponential,0.026628
IE,DJF,MAR,all,Exp5,Exponential,0.026888
IE,DJF,MAR,all,Exp6,Exponential,0.026023
IE,DJF,MAR,all,Exp7,Exponential,0.026615
IE,DJF,MAR,all,Exp8,Exponential,0.025123
IE,DJF,MAR,all,Exp9,Exponential,0.025013
IE,DJF,CARRA,all,Exp0,Gaussian,0.025447
IE,DJF,CARRA,all,Exp1,Gaussian,0.024410
IE,DJF,CARRA,all,Exp2,Gaussian,0.025768
IE,DJF,CARRA,all,Exp3,Gaussian,0.023656
IE,DJF,CARRA,all,Exp4,Gaussian,0.025847
IE,DJF,CARRA,all,Exp5,Gaussian,0.027097
IE,DJF,CARRA,all,Exp6,Gaussian,0.027761
IE,DJF,CARRA,all,Exp7,Gaussian,0.028063
IE,DJF,CARRA,all,Exp8,Gaussian,0.022826
IE,DJF,CARRA,all,Exp9,Gaussian,0.028757
IE,DJF,CARRA,all,Exp0,Exponential,0.023779
IE,DJF,CARRA,all,Exp1,Exponential,0.023879
IE,DJF,CARRA,all,Exp2,Exponential,0.023823
IE,DJF,CARRA,all,Exp3,Exponential,0.027280
IE,DJF,CARRA,all,Exp4,Exponential,0.023917
IE,DJF,CARRA,all,Exp5,Exponential,0.023921
IE,DJF,CARRA,all,Exp6,Exponential,0.023454
IE,DJF,CARRA,all,Exp7,Exponential,0.026065
IE,DJF,CARRA,all,Exp8,Exponential,0.026153
IE,DJF,CARRA,all,Exp9,Exponential,0.026076
IE,JJA,RACMO,all,Exp0,Gaussian,0.012577
IE,JJA,RACMO,all,Exp1,Gaussian,0.011491
IE,JJA,RACMO,all,Exp2,Gaussian,0.033184
IE,JJA,RACMO,all,Exp3,Gaussian,0.020761
IE,JJA,RACMO,all,Exp4,Gaussian,0.011737
IE,JJA,RACMO,all,Exp5,Gaussian,0.014385
IE,JJA,RACMO,all,Exp6,Gaussian,0.011967
IE,JJA,RACMO,all,Exp7,Gaussian,0.011799
IE,JJA,RACMO,all,Exp8,Gaussian,0.018706
IE,JJA,RACMO,all,Exp9,Gaussian,0.011511
IE,JJA,RACMO,all,Exp0,Exponential,0.016394
IE,JJA,RACMO,all,Exp1,Exponential,0.010844
IE,JJA,RACMO,all,Exp2,Exponential,0.011216
IE,JJA,RACMO,all,Exp3,Exponential,0.011968
IE,JJA,RACMO,all,Exp4,Exponential,0.011557
IE,JJA,RACMO,all,Exp5,Exponential,0.011317
IE,JJA,RACMO,all,Exp6,Exponential,0.011059
IE,JJA,RACMO,all,Exp7,Exponential,0.015059
IE,JJA,RACMO,all,Exp8,Exponential,0.011187
IE,JJA,RACMO,all,Exp9,Exponential,0.011021
IE,JJA,MAR,all,Exp0,Gaussian,0.008574
IE,JJA,MAR,all,Exp1,Gaussian,0.007788
IE,JJA,MAR,all,Exp2,Gaussian,0.009246
IE,JJA,MAR,all,Exp3,Gaussian,0.007796
IE,JJA,MAR,all,Exp4,Gaussian,0.008847
IE,JJA,MAR,all,Exp5,Gaussian,0.007235
IE,JJA,MAR,all,Exp6,Gaussian,0.007392
IE,JJA,MAR,all,Exp7,Gaussian,0.009590
IE,JJA,MAR,all,Exp8,Gaussian,0.019856
IE,JJA,MAR,all,Exp9,Gaussian,0.014784
IE,JJA,MAR,all,Exp0,Exponential,0.008164
IE,JJA,MAR,all,Exp1,Exponential,0.007710
IE,JJA,MAR,all,Exp2,Exponential,0.010876
IE,JJA,MAR,all,Exp3,Exponential,0.007959
IE,JJA,MAR,all,Exp4,Exponential,0.007339
IE,JJA,MAR,all,Exp5,Exponential,0.007599
IE,JJA,MAR,all,Exp6,Exponential,0.010556
IE,JJA,MAR,all,Exp7,Exponential,0.020842
IE,JJA,MAR,all,Exp8,Exponential,0.019827
IE,JJA,MAR,all,Exp9,Exponential,0.010795
IE,JJA,CARRA,all,Exp0,Gaussian,0.040455
IE,JJA,CARRA,all,Exp1,Gaussian,0.039823
IE,JJA,CARRA,all,Exp2,Gaussian,0.039798
IE,JJA,CARRA,all,Exp3,Gaussian,0.045415
IE,JJA,CARRA,all,Exp4,Gaussian,0.040072
IE,JJA,CARRA,all,Exp5,Gaussian,0.053957
IE,JJA,CARRA,all,Exp6,Gaussian,0.039538
IE,JJA,CARRA,all,Exp7,Gaussian,0.039732
IE,JJA,CARRA,all,Exp8,Gaussian,0.040279
IE,JJA,CARRA,all,Exp9,Gaussian,0.039972
IE,JJA,CARRA,all,Exp0,Exponential,0.048693
IE,JJA,CARRA,all,Exp1,Exponential,0.039649
IE,JJA,CARRA,all,Exp2,Exponential,0.040417
IE,JJA,CARRA,all,Exp3,Exponential,0.040140
IE,JJA,CARRA,all,Exp4,Exponential,0.040826
IE,JJA,CARRA,all,Exp5,Exponential,0.042829
IE,JJA,CARRA,all,Exp6,Exponential,0.040450
IE,JJA,CARRA,all,Exp7,Exponential,0.039852
IE,JJA,CARRA,all,Exp8,Exponential,0.040053
IE,JJA,CARRA,all,Exp9,Exponential,0.050936
Riley,Annual,RACMO,0,all,all,0.180916
Riley,Annual,RACMO,1,all,all,0.181020
Riley,Annual,MAR,0,all,all,0.184894
Riley,Annual,MAR,1,all,all,0.190164
Riley,Annual,CARRA,0,all,all,0.181912
Riley,Annual,CARRA,1,all,all,0.184208
Riley,DJF,RACMO,0,all,all,0.179548
Riley,DJF,RACMO,1,all,all,0.173189
Riley,DJF,MAR,0,all,all,0.185396
Riley,DJF,MAR,1,all,all,0.186645
Riley,DJF,CARRA,0,all,all,0.187015
Riley,DJF,CARRA,1,all,all,0.192630
Riley,JJA,RACMO,0,all,all,0.182890
Riley,JJA,RACMO,1,all,all,0.179339
Riley,JJA,MAR,0,all,all,0.175904
Riley,JJA,MAR,1,all,all,0.175851
Riley,JJA,CARRA,0,all,all,0.169090
Riley,JJA,CARRA,1,all,all,0.158874
IE,Annual,RACMO,0,all,all,0.193485
IE,Annual,RACMO,1,all,all,0.193598
IE,Annual,MAR,0,all,all,0.198227
IE,Annual,MAR,1,all,all,0.200695
IE,Annual,CARRA,0,all,all,0.201436
IE,Annual,CARRA,1,all,all,0.199034
IE,DJF,RACMO,0,all,all,0.184498
IE,DJF,RACMO,1,all,all,0.182741
IE,DJF,MAR,0,all,all,0.193795
IE,DJF,MAR,1,all,all,0.194106
IE,DJF,CARRA,0,all,all,0.200774
IE,DJF,CARRA,1,all,all,0.204738
IE,JJA,RACMO,0,all,all,0.194174
IE,JJA,RACMO,1,all,all,0.189890
IE,JJA,MAR,0,all,all,0.190708
IE,JJA,MAR,1,all,all,0.190235
IE,JJA,CARRA,0,all,all,0.185488
IE,JJA,CARRA,1,all,all,0.173194
